index,male,female
ln_age,52.00961,31.764001
ln_tot_chol,20.014077,22.465206
ln_HDL_chol,-0.905964,-1.187731
ln_sys_bp,1.305784,2.552905
bp_meds,0.241549,0.420251
smoker,12.096316,13.07543
ln_age_x_ln_tot_chol,-4.605038,-5.060998
ln_age_smoker,-2.84367,-2.996945
ln_age_sq,-2.93323,0
